KODU;IL_KODU;AD;IL_ADI;
2033;1;ÇUKUROVA;ADANA;
2032;1;SARIÇAM;ADANA;
1806;1;İMAMOĞLU;ADANA;
1757;1;ALADAĞ;ADANA;
1748;1;YÜREĞİR;ADANA;
1734;1;YUMURTALIK;ADANA;
1687;1;TUFANBEYLİ;ADANA;
1588;1;SAİMBEYLİ;ADANA;
1580;1;POZANTI;ADANA;
1486;1;KOZAN;ADANA;
1443;1;KARATAŞ;ADANA;
1437;1;KARAİSALI;ADANA;
1329;1;FEKE;ADANA;
1219;1;CEYHAN;ADANA;
1104;1;SEYHAN;ADANA;
1989;2;TUT;ADIYAMAN;
1985;2;SİNCİK;ADIYAMAN;
1592;2;SAMSAT;ADIYAMAN;
1425;2;KAHTA;ADIYAMAN;
1354;2;GÖLBAŞI;ADIYAMAN;
1347;2;GERGER;ADIYAMAN;
1246;2;ÇELİKHAN;ADIYAMAN;
1182;2;BESNİ;ADIYAMAN;
1105;2;MERKEZ;ADIYAMAN;
1961;3;KIZILÖREN;AFYONKARAHİSAR;
1944;3;HOCALAR;AFYONKARAHİSAR;
1923;3;EVCİLER;AFYONKARAHİSAR;
1906;3;ÇOBANLAR;AFYONKARAHİSAR;
1809;3;İSCEHİSAR;AFYONKARAHİSAR;
1773;3;BAYAT;AFYONKARAHİSAR;
1771;3;BAŞMAKÇI;AFYONKARAHİSAR;
1664;3;ŞUHUT;AFYONKARAHİSAR;
1639;3;SULTANDAĞI;AFYONKARAHİSAR;
1626;3;SİNANPAŞA;AFYONKARAHİSAR;
1594;3;SANDIKLI;AFYONKARAHİSAR;
1404;3;İHSANİYE;AFYONKARAHİSAR;
1306;3;EMİRDAĞ;AFYONKARAHİSAR;
1281;3;DİNAR;AFYONKARAHİSAR;
1267;3;DAZKIRI;AFYONKARAHİSAR;
1239;3;ÇAY;AFYONKARAHİSAR;
1200;3;BOLVADİN;AFYONKARAHİSAR;
1108;3;MERKEZ;AFYONKARAHİSAR;
1691;4;TUTAK;AĞRI;
1667;4;TAŞLIÇAY;AĞRI;
1568;4;PATNOS;AĞRI;
1379;4;HAMUR;AĞRI;
1301;4;ELEŞKİRT;AĞRI;
1287;4;DOĞUBAYAZIT;AĞRI;
1283;4;DİYADİN;AĞRI;
1111;4;MERKEZ;AĞRI;
1938;5;HAMAMÖZÜ;AMASYA;
1668;5;TAŞOVA;AMASYA;
1641;5;SULUOVA;AMASYA;
1524;5;MERZİFON;AMASYA;
1368;5;GÜMÜŞHACIKÖY;AMASYA;
1363;5;GÖYNÜCEK;AMASYA;
1134;5;MERKEZ;AMASYA;
2034;6;PURSAKLAR;ANKARA;
1924;6;EVREN;ANKARA;
1922;6;ETİMESGUT;ANKARA;
1872;6;AKYURT;ANKARA;
1815;6;KAHRAMANKAZAN;ANKARA;
1747;6;SİNCAN;ANKARA;
1746;6;MAMAK;ANKARA;
1745;6;KEÇİÖREN;ANKARA;
1744;6;GÖLBAŞI;ANKARA;
1723;6;YENİMAHALLE;ANKARA;
1658;6;ŞEREFLİKOÇHİSAR;ANKARA;
1578;6;POLATLI;ANKARA;
1539;6;NALLIHAN;ANKARA;
1473;6;KIZILCAHAMAM;ANKARA;
1427;6;KALECİK;ANKARA;
1387;6;HAYMANA;ANKARA;
1365;6;GÜDÜL;ANKARA;
1302;6;ELMADAĞ;ANKARA;
1260;6;ÇUBUK;ANKARA;
1231;6;ÇANKAYA;ANKARA;
1227;6;ÇAMLIDERE;ANKARA;
1187;6;BEYPAZARI;ANKARA;
1167;6;BALA;ANKARA;
1157;6;AYAŞ;ANKARA;
1130;6;ALTINDAĞ;ANKARA;
2039;7;MURATPAŞA;ANTALYA;
2038;7;KONYAALTI;ANTALYA;
2037;7;KEPEZ;ANTALYA;
2036;7;DÖŞEMEALTI;ANTALYA;
2035;7;AKSU;ANTALYA;
1959;7;KEMER;ANTALYA;
1946;7;İBRADI;ANTALYA;
1811;7;DEMRE;ANTALYA;
1616;7;SERİK;ANTALYA;
1512;7;MANAVGAT;ANTALYA;
1492;7;KUMLUCA;ANTALYA;
1483;7;KORKUTELİ;ANTALYA;
1451;7;KAŞ;ANTALYA;
1370;7;GÜNDOĞMUŞ;ANTALYA;
1337;7;GAZİPAŞA;ANTALYA;
1333;7;FİNİKE;ANTALYA;
1303;7;ELMALI;ANTALYA;
1138;7;MERKEZ;ANTALYA;
1126;7;ALANYA;ANTALYA;
1121;7;AKSEKİ;ANTALYA;
2105;8;KEMALPAŞA;ARTVİN;
1828;8;MURGUL;ARTVİN;
1736;8;YUSUFELİ;ARTVİN;
1653;8;ŞAVŞAT;ARTVİN;
1395;8;HOPA;ARTVİN;
1202;8;BORÇKA;ARTVİN;
1152;8;MERKEZ;ARTVİN;
1147;8;ARHAVİ;ARTVİN;
1145;8;ARDANUÇ;ARTVİN;
2076;9;EFELER;AYDIN;
2000;9;DİDİM;AYDIN;
1968;9;KÖŞK;AYDIN;
1957;9;KARPUZLU;AYDIN;
1807;9;İNCİRLİOVA;AYDIN;
1781;9;BUHARKENT;AYDIN;
1724;9;YENİPAZAR;AYDIN;
1640;9;SULTANHİSAR;AYDIN;
1637;9;SÖKE;AYDIN;
1542;9;NAZİLLİ;AYDIN;
1498;9;KUYUCAK;AYDIN;
1497;9;KUŞADASI;AYDIN;
1479;9;KOÇARLI;AYDIN;
1435;9;KARACASU;AYDIN;
1348;9;GERMENCİK;AYDIN;
1256;9;ÇİNE;AYDIN;
1206;9;BOZDOĞAN;AYDIN;
1159;9;MERKEZ;AYDIN;
2078;10;KARESİ;BALIKESİR;
2077;10;ALTIEYLÜL;BALIKESİR;
1928;10;GÖMEÇ;BALIKESİR;
1824;10;MARMARA;BALIKESİR;
1644;10;SUSURLUK;BALIKESİR;
1619;10;SINDIRGI;BALIKESİR;
1608;10;SAVAŞTEPE;BALIKESİR;
1514;10;MANYAS;BALIKESİR;
1462;10;KEPSUT;BALIKESİR;
1418;10;İVRİNDİ;BALIKESİR;
1384;10;HAVRAN;BALIKESİR;
1360;10;GÖNEN;BALIKESİR;
1310;10;ERDEK;BALIKESİR;
1294;10;EDREMİT;BALIKESİR;
1291;10;DURSUNBEY;BALIKESİR;
1216;10;BURHANİYE;BALIKESİR;
1191;10;BİGADİÇ;BALIKESİR;
1171;10;BANDIRMA;BALIKESİR;
1169;10;BALYA;BALIKESİR;
1168;10;MERKEZ;BALIKESİR;
1161;10;AYVALIK;BALIKESİR;
1948;11;İNHİSAR;BİLECİK;
1857;11;YENİPAZAR;BİLECİK;
1636;11;SÖĞÜT;BİLECİK;
1571;11;PAZARYERİ;BİLECİK;
1559;11;OSMANELİ;BİLECİK;
1359;11;GÖLPAZARI;BİLECİK;
1210;11;BOZÜYÜK;BİLECİK;
1192;11;MERKEZ;BİLECİK;
1996;12;YEDİSU;BİNGÖL;
1855;12;YAYLADERE;BİNGÖL;
1750;12;ADAKLI;BİNGÖL;
1633;12;SOLHAN;BİNGÖL;
1475;12;KİĞI;BİNGÖL;
1446;12;KARLIOVA;BİNGÖL;
1344;12;GENÇ;BİNGÖL;
1193;12;MERKEZ;BİNGÖL;
1798;13;GÜROYMAK;BİTLİS;
1669;13;TATVAN;BİTLİS;
1537;13;MUTKİ;BİTLİS;
1394;13;HİZAN;BİTLİS;
1196;13;MERKEZ;BİTLİS;
1112;13;AHLAT;BİTLİS;
1106;13;ADİLCEVAZ;BİTLİS;
1997;14;YENİÇAĞA;BOLU;
1916;14;DÖRTDİVAN;BOLU;
1610;14;SEBEN;BOLU;
1531;14;MUDURNU;BOLU;
1522;14;MENGEN;BOLU;
1466;14;KIBRISCIK;BOLU;
1364;14;GÖYNÜK;BOLU;
1346;14;GEREDE;BOLU;
1199;14;MERKEZ;BOLU;
1903;15;ÇELTİKÇİ;BURDUR;
1899;15;ÇAVDIR;BURDUR;
1874;15;ALTINYAYLA;BURDUR;
1816;15;KEMER;BURDUR;
1813;15;KARAMANLI;BURDUR;
1728;15;YEŞİLOVA;BURDUR;
1672;15;TEFENNİ;BURDUR;
1357;15;GÖLHİSAR;BURDUR;
1215;15;MERKEZ;BURDUR;
1211;15;BUCAK;BURDUR;
1109;15;AĞLASUN;BURDUR;
1960;16;KESTEL;BURSA;
1935;16;GÜRSU;BURSA;
1859;16;YILDIRIM;BURSA;
1832;16;OSMANGAZİ;BURSA;
1829;16;NİLÜFER;BURSA;
1799;16;HARMANCIK;BURSA;
1783;16;BÜYÜKORHAN;BURSA;
1725;16;YENİŞEHİR;BURSA;
1554;16;ORHANGAZİ;BURSA;
1553;16;ORHANELİ;BURSA;
1535;16;MUSTAFAKEMALPAŞA;BURSA;
1530;16;MUDANYA;BURSA;
1457;16;KELES;BURSA;
1434;16;KARACABEY;BURSA;
1420;16;İZNİK;BURSA;
1411;16;İNEGÖL;BURSA;
1343;16;GEMLİK;BURSA;
1722;17;YENİCE;ÇANAKKALE;
1503;17;LAPSEKİ;ÇANAKKALE;
1408;17;GÖKÇEADA;ÇANAKKALE;
1340;17;GELİBOLU;ÇANAKKALE;
1326;17;EZİNE;ÇANAKKALE;
1293;17;ECEABAT;ÇANAKKALE;
1230;17;MERKEZ;ÇANAKKALE;
1229;17;ÇAN;ÇANAKKALE;
1205;17;BOZCAADA;ÇANAKKALE;
1190;17;BİGA;ÇANAKKALE;
1180;17;BAYRAMİÇ;ÇANAKKALE;
1160;17;AYVACIK;ÇANAKKALE;
1963;18;KORGUN;ÇANKIRI;
1885;18;BAYRAMÖREN;ÇANKIRI;
1817;18;KIZILIRMAK;ÇANKIRI;
1765;18;ATKARACALAR;ÇANKIRI;
1718;18;YAPRAKLI;ÇANKIRI;
1649;18;ŞABANÖZÜ;ÇANKIRI;
1555;18;ORTA;ÇANKIRI;
1494;18;KURŞUNLU;ÇANKIRI;
1399;18;ILGAZ;ÇANKIRI;
1300;18;ELDİVAN;ÇANKIRI;
1248;18;ÇERKEŞ;ÇANKIRI;
1232;18;MERKEZ;ÇANKIRI;
1976;19;OĞUZLAR;ÇORUM;
1972;19;LAÇİN;ÇORUM;
1911;19;DODURGA;ÇORUM;
1850;19;UĞURLUDAĞ;ÇORUM;
1778;19;BOĞAZKALE;ÇORUM;
1642;19;SUNGURLU;ÇORUM;
1558;19;OSMANCIK;ÇORUM;
1556;19;ORTAKÖY;ÇORUM;
1520;19;MECİTÖZÜ;ÇORUM;
1445;19;KARGI;ÇORUM;
1414;19;İSKİLİP;ÇORUM;
1259;19;MERKEZ;ÇORUM;
1177;19;BAYAT;ÇORUM;
1124;19;ALACA;ÇORUM;
2079;20;MERKEZEFENDİ;DENİZLİ;
1889;20;BOZKURT;DENİZLİ;
1888;20;BEYAĞAÇ;DENİZLİ;
1881;20;BAKLAN;DENİZLİ;
1871;20;PAMUKKALE;DENİZLİ;
1840;20;SERİNHİSAR;DENİZLİ;
1803;20;HONAZ;DENİZLİ;
1774;20;BEKİLLİ;DENİZLİ;
1769;20;BABADAĞ;DENİZLİ;
1670;20;TAVAS;DENİZLİ;
1597;20;SARAYKÖY;DENİZLİ;
1426;20;KALE;DENİZLİ;
1371;20;GÜNEY;DENİZLİ;
1271;20;MERKEZ;DENİZLİ;
1257;20;ÇİVRİL;DENİZLİ;
1233;20;ÇARDAK;DENİZLİ;
1226;20;ÇAMELİ;DENİZLİ;
1224;20;ÇAL;DENİZLİ;
1214;20;BULDAN;DENİZLİ;
1102;20;ACIPAYAM;DENİZLİ;
2043;21;YENİŞEHİR;DİYARBAKIR;
2042;21;SUR;DİYARBAKIR;
2041;21;KAYAPINAR;DİYARBAKIR;
2040;21;BAĞLAR;DİYARBAKIR;
1962;21;KOCAKÖY;DİYARBAKIR;
1791;21;EĞİL;DİYARBAKIR;
1624;21;SİLVAN;DİYARBAKIR;
1504;21;LİCE;DİYARBAKIR;
1490;21;KULP;DİYARBAKIR;
1389;21;HAZRO;DİYARBAKIR;
1381;21;HANİ;DİYARBAKIR;
1315;21;ERGANİ;DİYARBAKIR;
1284;21;MERKEZ;DİYARBAKIR;
1278;21;DİCLE;DİYARBAKIR;
1263;21;ÇÜNGÜŞ;DİYARBAKIR;
1253;21;ÇINAR;DİYARBAKIR;
1249;21;ÇERMİK;DİYARBAKIR;
1195;21;BİSMİL;DİYARBAKIR;
1988;22;SÜLOĞLU;EDİRNE;
1705;22;UZUNKÖPRÜ;EDİRNE;
1523;22;MERİÇ;EDİRNE;
1502;22;LALAPAŞA;EDİRNE;
1464;22;KEŞAN;EDİRNE;
1412;22;İPSALA;EDİRNE;
1385;22;HAVSA;EDİRNE;
1307;22;ENEZ;EDİRNE;
1295;22;MERKEZ;EDİRNE;
1873;23;ALACAKAYA;ELAZIĞ;
1820;23;KOVANCILAR;ELAZIĞ;
1762;23;ARICAK;ELAZIĞ;
1631;23;SİVRİCE;ELAZIĞ;
1566;23;PALU;ELAZIĞ;
1506;23;MADEN;ELAZIĞ;
1455;23;KEBAN;ELAZIĞ;
1438;23;KARAKOÇAN;ELAZIĞ;
1298;23;MERKEZ;ELAZIĞ;
1173;23;BASKİL;ELAZIĞ;
1110;23;AĞIN;ELAZIĞ;
1977;24;OTLUKBELİ;ERZİNCAN;
1853;24;ÜZÜMLÜ;ERZİNCAN;
1675;24;TERCAN;ERZİNCAN;
1583;24;REFAHİYE;ERZİNCAN;
1460;24;KEMALİYE;ERZİNCAN;
1459;24;KEMAH;ERZİNCAN;
1406;24;İLİÇ;ERZİNCAN;
1318;24;MERKEZ;ERZİNCAN;
1243;24;ÇAYIRLI;ERZİNCAN;
2045;25;YAKUTİYE;ERZURUM;
2044;25;PALANDÖKEN;ERZURUM;
1967;25;KÖPRÜKÖY;ERZURUM;
1945;25;AZİZİYE;ERZURUM;
1865;25;PAZARYOLU;ERZURUM;
1851;25;UZUNDERE;ERZURUM;
1812;25;KARAÇOBAN;ERZURUM;
1683;25;TORTUM;ERZURUM;
1674;25;TEKMAN;ERZURUM;
1657;25;ŞENKAYA;ERZURUM;
1567;25;PASİNLER;ERZURUM;
1551;25;OLUR;ERZURUM;
1550;25;OLTU;ERZURUM;
1540;25;NARMAN;ERZURUM;
1444;25;KARAYAZI;ERZURUM;
1416;25;İSPİR;ERZURUM;
1396;25;HORASAN;ERZURUM;
1392;25;HINIS;ERZURUM;
1319;25;MERKEZ;ERZURUM;
1235;25;ÇAT;ERZURUM;
1153;25;AŞKALE;ERZURUM;
2047;26;TEPEBAŞI;ESKİŞEHİR;
2046;26;ODUNPAZARI;ESKİŞEHİR;
1973;26;MİHALGAZİ;ESKİŞEHİR;
1939;26;HAN;ESKİŞEHİR;
1934;26;GÜNYÜZÜ;ESKİŞEHİR;
1808;26;İNÖNÜ;ESKİŞEHİR;
1777;26;BEYLİKOVA;ESKİŞEHİR;
1759;26;ALPU;ESKİŞEHİR;
1632;26;SİVRİHİSAR;ESKİŞEHİR;
1618;26;SEYİTGAZİ;ESKİŞEHİR;
1599;26;SARICAKAYA;ESKİŞEHİR;
1527;26;MİHALIÇÇIK;ESKİŞEHİR;
1508;26;MAHMUDİYE;ESKİŞEHİR;
1322;26;MERKEZ;ESKİŞEHİR;
1255;26;ÇİFTELER;ESKİŞEHİR;
2700;27;MERKEZ;GAZİANTEP;
1974;27;NURDAĞI;GAZİANTEP;
1956;27;KARKAMIŞ;GAZİANTEP;
1844;27;ŞEHİTKAMİL;GAZİANTEP;
1841;27;ŞAHİNBEY;GAZİANTEP;
1720;27;YAVUZELİ;GAZİANTEP;
1549;27;OĞUZELİ;GAZİANTEP;
1546;27;NİZİP;GAZİANTEP;
1415;27;İSLAHİYE;GAZİANTEP;
1139;27;ARABAN;GAZİANTEP;
1930;28;GÜCE;GİRESUN;
1912;28;DOĞANKENT;GİRESUN;
1894;28;ÇANAKÇI;GİRESUN;
1893;28;ÇAMOLUK;GİRESUN;
1854;28;YAĞLIDERE;GİRESUN;
1837;28;PİRAZİZ;GİRESUN;
1678;28;TİREBOLU;GİRESUN;
1654;28;ŞEBİNKARAHİSAR;GİRESUN;
1465;28;KEŞAP;GİRESUN;
1361;28;GÖRELE;GİRESUN;
1352;28;MERKEZ;GİRESUN;
1324;28;EYNESİL;GİRESUN;
1320;28;ESPİYE;GİRESUN;
1272;28;DERELİ;GİRESUN;
1212;28;BULANCAK;GİRESUN;
1133;28;ALUCRA;GİRESUN;
1971;29;KÜRTÜN;GÜMÜŞHANE;
1822;29;KÖSE;GÜMÜŞHANE;
1684;29;TORUL;GÜMÜŞHANE;
1660;29;ŞİRAN;GÜMÜŞHANE;
1458;29;KELKİT;GÜMÜŞHANE;
1369;29;MERKEZ;GÜMÜŞHANE;
1737;30;YÜKSEKOVA;HAKKARİ;
1656;30;ŞEMDİNLİ;HAKKARİ;
1377;30;MERKEZ;HAKKARİ;
1261;30;ÇUKURCA;HAKKARİ;
2083;31;PAYAS;HATAY;
2082;31;DEFNE;HATAY;
2081;31;ARSUZ;HATAY;
2080;31;ANTAKYA;HATAY;
1970;31;KUMLU;HATAY;
1887;31;BELEN;HATAY;
1792;31;ERZİN;HATAY;
1721;31;YAYLADAĞI;HATAY;
1591;31;SAMANDAĞ;HATAY;
1585;31;REYHANLI;HATAY;
1468;31;KIRIKHAN;HATAY;
1413;31;İSKENDERUN;HATAY;
1383;31;MERKEZ;HATAY;
1382;31;HASSA;HATAY;
1289;31;DÖRTYOL;HATAY;
1131;31;ALTINÖZÜ;HATAY;
2001;32;YENİŞARBADEMLİ;ISPARTA;
1929;32;GÖNEN;ISPARTA;
1755;32;AKSU;ISPARTA;
1717;32;YALVAÇ;ISPARTA;
1699;32;ULUBORLU;ISPARTA;
1651;32;ŞARKİKARAAĞAÇ;ISPARTA;
1648;32;SÜTÇÜLER;ISPARTA;
1615;32;SENİRKENT;ISPARTA;
1456;32;KEÇİBORLU;ISPARTA;
1401;32;MERKEZ;ISPARTA;
1341;32;GELENDOST;ISPARTA;
1297;32;EĞİRDİR;ISPARTA;
1154;32;ATABEY;ISPARTA;
2067;33;YENİŞEHİR;MERSİN;
2066;33;TOROSLAR;MERSİN;
2065;33;MEZİTLİ;MERSİN;
2064;33;AKDENİZ;MERSİN;
1892;33;ÇAMLIYAYLA;MERSİN;
1779;33;BOZYAZI;MERSİN;
1766;33;AYDINCIK;MERSİN;
1665;33;TARSUS;MERSİN;
1621;33;SİLİFKE;MERSİN;
1536;33;MUT;MERSİN;
1402;33;MERKEZ;MERSİN;
1366;33;GÜLNAR;MERSİN;
1311;33;ERDEMLİ;MERSİN;
1135;33;ANAMUR;MERSİN;
2055;34;SULTANGAZİ;İSTANBUL;
2054;34;SANCAKTEPE;İSTANBUL;
2053;34;ESENYURT;İSTANBUL;
2052;34;ÇEKMEKÖY;İSTANBUL;
2051;34;BEYLİKDÜZÜ;İSTANBUL;
2050;34;BAŞAKŞEHİR;İSTANBUL;
2049;34;ATAŞEHİR;İSTANBUL;
2048;34;ARNAVUTKÖY;İSTANBUL;
2016;34;ESENLER;İSTANBUL;
2015;34;TUZLA;İSTANBUL;
2014;34;SULTANBEYLİ;İSTANBUL;
2012;34;MALTEPE;İSTANBUL;
2010;34;GÜNGÖREN;İSTANBUL;
2005;34;BAHÇELİEVLER;İSTANBUL;
2004;34;BAĞCILAR;İSTANBUL;
2003;34;AVCILAR;İSTANBUL;
1886;34;BAYRAMPAŞA;İSTANBUL;
1852;34;ÜMRANİYE;İSTANBUL;
1835;34;PENDİK;İSTANBUL;
1823;34;KÜÇÜKÇEKMECE;İSTANBUL;
1810;34;KAĞITHANE;İSTANBUL;
1782;34;BÜYÜKÇEKMECE;İSTANBUL;
1739;34;ZEYTİNBURNU;İSTANBUL;
1708;34;ÜSKÜDAR;İSTANBUL;
1663;34;ŞİŞLİ;İSTANBUL;
1659;34;ŞİLE;İSTANBUL;
1622;34;SİLİVRİ;İSTANBUL;
1604;34;SARIYER;İSTANBUL;
1449;34;KARTAL;İSTANBUL;
1421;34;KADIKÖY;İSTANBUL;
1336;34;GAZİOSMANPAŞA;İSTANBUL;
1327;34;FATİH;İSTANBUL;
1325;34;EYÜPSULTAN;İSTANBUL;
1305;34;EMİNÖNÜ;İSTANBUL;
1237;34;ÇATALCA;İSTANBUL;
1186;34;BEYOĞLU;İSTANBUL;
1185;34;BEYKOZ;İSTANBUL;
1183;34;BEŞİKTAŞ;İSTANBUL;
1166;34;BAKIRKÖY;İSTANBUL;
1103;34;ADALAR;İSTANBUL;
2057;35;KARABAĞLAR;İZMİR;
2056;35;BAYRAKLI;İZMİR;
2018;35;GÜZELBAHÇE;İZMİR;
2013;35;NARLIDERE;İZMİR;
2009;35;GAZİEMİR;İZMİR;
2007;35;ÇİĞLİ;İZMİR;
2006;35;BALÇOVA;İZMİR;
1826;35;MENDERES;İZMİR;
1819;35;KONAK;İZMİR;
1780;35;BUCA;İZMİR;
1776;35;BEYDAĞ;İZMİR;
1703;35;URLA;İZMİR;
1682;35;TORBALI;İZMİR;
1677;35;TİRE;İZMİR;
1612;35;SELÇUK;İZMİR;
1611;35;SEFERİHİSAR;İZMİR;
1563;35;ÖDEMİŞ;İZMİR;
1521;35;MENEMEN;İZMİR;
1477;35;KİRAZ;İZMİR;
1467;35;KINIK;İZMİR;
1461;35;KEMALPAŞA;İZMİR;
1448;35;KARŞIYAKA;İZMİR;
1432;35;KARABURUN;İZMİR;
1334;35;FOÇA;İZMİR;
1280;35;DİKİLİ;İZMİR;
1251;35;ÇEŞME;İZMİR;
1203;35;BORNOVA;İZMİR;
1181;35;BERGAMA;İZMİR;
1178;35;BAYINDIR;İZMİR;
1128;35;ALİAĞA;İZMİR;
1756;36;AKYAKA;KARS;
1645;36;SUSUZ;KARS;
1614;36;SELİM;KARS;
1601;36;SARIKAMIŞ;KARS;
1447;36;MERKEZ;KARS;
1424;36;KAĞIZMAN;KARS;
1279;36;DİGOR;KARS;
1149;36;ARPAÇAY;KARS;
1984;37;SEYDİLER;KASTAMONU;
1940;37;HANÖNÜ;KASTAMONU;
1915;37;DOĞANYURT;KASTAMONU;
1867;37;AĞLI;KASTAMONU;
1845;37;ŞENPAZAR;KASTAMONU;
1836;37;PINARBAŞI;KASTAMONU;
1805;37;İHSANGAZİ;KASTAMONU;
1685;37;TOSYA;KASTAMONU;
1666;37;TAŞKÖPRÜ;KASTAMONU;
1499;37;KÜRE;KASTAMONU;
1450;37;MERKEZ;KASTAMONU;
1410;37;İNEBOLU;KASTAMONU;
1277;37;DEVREKANİ;KASTAMONU;
1264;37;DADAY;KASTAMONU;
1238;37;ÇATALZEYTİN;KASTAMONU;
1221;37;CİDE;KASTAMONU;
1208;37;BOZKURT;KASTAMONU;
1162;37;AZDAVAY;KASTAMONU;
1140;37;ARAÇ;KASTAMONU;
1101;37;ABANA;KASTAMONU;
1978;38;ÖZVATAN;KAYSERİ;
1936;38;HACILAR;KAYSERİ;
1864;38;MELİKGAZİ;KAYSERİ;
1863;38;KOCASİNAN;KAYSERİ;
1846;38;TALAS;KAYSERİ;
1752;38;AKKIŞLA;KAYSERİ;
1727;38;YEŞİLHİSAR;KAYSERİ;
1715;38;YAHYALI;KAYSERİ;
1680;38;TOMARZA;KAYSERİ;
1605;38;SARIZ;KAYSERİ;
1603;38;SARIOĞLAN;KAYSERİ;
1576;38;PINARBAŞI;KAYSERİ;
1409;38;İNCESU;KAYSERİ;
1330;38;FELAHİYE;KAYSERİ;
1275;38;DEVELİ;KAYSERİ;
1218;38;BÜNYAN;KAYSERİ;
1714;39;VİZE;KIRKLARELİ;
1577;39;PINARHİSAR;KIRKLARELİ;
1572;39;PEHLİVANKÖY;KIRKLARELİ;
1505;39;LÜLEBURGAZ;KIRKLARELİ;
1480;39;KOFÇAZ;KIRKLARELİ;
1471;39;MERKEZ;KIRKLARELİ;
1270;39;DEMİRKÖY;KIRKLARELİ;
1163;39;BABAESKİ;KIRKLARELİ;
1890;40;BOZTEPE;KIRŞEHİR;
1869;40;AKÇAKENT;KIRŞEHİR;
1754;40;AKPINAR;KIRŞEHİR;
1529;40;MUCUR;KIRŞEHİR;
1472;40;MERKEZ;KIRŞEHİR;
1429;40;KAMAN;KIRŞEHİR;
1254;40;ÇİÇEKDAĞI;KIRŞEHİR;
2063;41;KARTEPE;KOCAELİ;
2062;41;İZMİT;KOCAELİ;
2061;41;DİLOVASI;KOCAELİ;
2060;41;DARICA;KOCAELİ;
2059;41;ÇAYIROVA;KOCAELİ;
2058;41;BAŞİSKELE;KOCAELİ;
2030;41;DERİNCE;KOCAELİ;
1821;41;KÖRFEZ;KOCAELİ;
1478;41;MERKEZ;KOCAELİ;
1440;41;KARAMÜRSEL;KOCAELİ;
1430;41;KANDIRA;KOCAELİ;
1355;41;GÖLCÜK;KOCAELİ;
1338;41;GEBZE;KOCAELİ;
1994;42;YALIHÜYÜK;KONYA;
1990;42;TUZLUKÇU;KONYA;
1937;42;HALKAPINAR;KONYA;
1933;42;GÜNEYSINIR;KONYA;
1920;42;EMİRGAZİ;KONYA;
1907;42;DERBENT;KONYA;
1902;42;ÇELTİK;KONYA;
1868;42;AHIRLI;KONYA;
1848;42;TAŞKENT;KONYA;
1839;42;SELÇUKLU;KONYA;
1827;42;MERAM;KONYA;
1814;42;KARATAY;KONYA;
1804;42;HÜYÜK;KONYA;
1789;42;DEREBUCAK;KONYA;
1760;42;ALTINEKİN;KONYA;
1753;42;AKÖREN;KONYA;
1735;42;YUNAK;KONYA;
1617;42;SEYDİŞEHİR;KONYA;
1598;42;SARAYÖNÜ;KONYA;
1491;42;KULU;KONYA;
1441;42;KARAPINAR;KONYA;
1422;42;KADINHANI;KONYA;
1400;42;ILGIN;KONYA;
1375;42;HADİM;KONYA;
1312;42;EREĞLİ;KONYA;
1285;42;DOĞANHİSAR;KONYA;
1262;42;ÇUMRA;KONYA;
1222;42;CİHANBEYLİ;KONYA;
1207;42;BOZKIR;KONYA;
1188;42;BEYŞEHİR;KONYA;
1122;42;AKŞEHİR;KONYA;
1979;43;PAZARLAR;KÜTAHYA;
1898;43;ÇAVDARHİSAR;KÜTAHYA;
1843;43;ŞAPHANE;KÜTAHYA;
1802;43;HİSARCIK;KÜTAHYA;
1790;43;DUMLUPINAR;KÜTAHYA;
1764;43;ASLANAPA;KÜTAHYA;
1671;43;TAVŞANLI;KÜTAHYA;
1625;43;SİMAV;KÜTAHYA;
1500;43;MERKEZ;KÜTAHYA;
1339;43;GEDİZ;KÜTAHYA;
1304;43;EMET;KÜTAHYA;
1288;43;DOMANİÇ;KÜTAHYA;
1132;43;ALTINTAŞ;KÜTAHYA;
1995;44;YAZIHAN;MALATYA;
1969;44;KULUNCAK;MALATYA;
1953;44;KALE;MALATYA;
1914;44;DOĞANYOL;MALATYA;
1772;44;BATTALGAZİ;MALATYA;
1729;44;YEŞİLYURT;MALATYA;
1582;44;PÜTÜRGE;MALATYA;
1509;44;MERKEZ;MALATYA;
1390;44;HEKİMHAN;MALATYA;
1286;44;DOĞANŞEHİR;MALATYA;
1265;44;DARENDE;MALATYA;
1148;44;ARGUVAN;MALATYA;
1143;44;ARAPGİR;MALATYA;
1114;44;AKÇADAĞ;MALATYA;
2087;45;YUNUSEMRE;MANİSA;
2086;45;ŞEHZADELER;MANİSA;
1965;45;KÖPRÜBAŞI;MANİSA;
1793;45;GÖLMARMARA;MANİSA;
1751;45;AHMETLİ;MANİSA;
1689;45;TURGUTLU;MANİSA;
1634;45;SOMA;MANİSA;
1613;45;SELENDİ;MANİSA;
1606;45;SARUHANLI;MANİSA;
1600;45;SARIGÖL;MANİSA;
1590;45;SALİHLİ;MANİSA;
1513;45;MERKEZ;MANİSA;
1489;45;KULA;MANİSA;
1470;45;KIRKAĞAÇ;MANİSA;
1362;45;GÖRDES;MANİSA;
1269;45;DEMİRCİ;MANİSA;
1127;45;ALAŞEHİR;MANİSA;
1118;45;AKHİSAR;MANİSA;
2085;46;ONİKİŞUBAT;KAHRAMANMARAŞ;
2084;46;DULKADİROĞLU;KAHRAMANMARAŞ;
1975;46;NURHAK;KAHRAMANMARAŞ;
1919;46;EKİNÖZÜ;KAHRAMANMARAŞ;
1785;46;ÇAĞLAYANCERİT;KAHRAMANMARAŞ;
1694;46;TÜRKOĞLU;KAHRAMANMARAŞ;
1570;46;PAZARCIK;KAHRAMANMARAŞ;
1515;46;MERKEZ;KAHRAMANMARAŞ;
1353;46;GÖKSUN;KAHRAMANMARAŞ;
1299;46;ELBİSTAN;KAHRAMANMARAŞ;
1136;46;ANDIRIN;KAHRAMANMARAŞ;
1107;46;AFŞİN;KAHRAMANMARAŞ;
2088;47;ARTUKLU;MARDİN;
2002;47;YEŞİLLİ;MARDİN;
1787;47;DARGEÇİT;MARDİN;
1609;47;SAVUR;MARDİN;
1564;47;ÖMERLİ;MARDİN;
1547;47;NUSAYBİN;MARDİN;
1526;47;MİDYAT;MARDİN;
1519;47;MAZIDAĞI;MARDİN;
1516;47;MERKEZ;MARDİN;
1474;47;KIZILTEPE;MARDİN;
1273;47;DERİK;MARDİN;
2090;48;SEYDİKEMER;MUĞLA;
2089;48;MENTEŞE;MUĞLA;
1958;48;KAVAKLIDERE;MUĞLA;
1831;48;ORTACA;MUĞLA;
1742;48;DALAMAN;MUĞLA;
1719;48;YATAĞAN;MUĞLA;
1695;48;ULA;MUĞLA;
1532;48;MERKEZ;MUĞLA;
1528;48;MİLAS;MUĞLA;
1517;48;MARMARİS;MUĞLA;
1488;48;KÖYCEĞİZ;MUĞLA;
1331;48;FETHİYE;MUĞLA;
1266;48;DATÇA;MUĞLA;
1197;48;BODRUM;MUĞLA;
1964;49;KORKUT;MUŞ;
1801;49;HASKÖY;MUŞ;
1711;49;VARTO;MUŞ;
1534;49;MERKEZ;MUŞ;
1510;49;MALAZGİRT;MUŞ;
1213;49;BULANIK;MUŞ;
1749;50;ACIGÖL;NEVŞEHİR;
1707;50;ÜRGÜP;NEVŞEHİR;
1543;50;MERKEZ;NEVŞEHİR;
1485;50;KOZAKLI;NEVŞEHİR;
1374;50;HACIBEKTAŞ;NEVŞEHİR;
1367;50;GÜLŞEHİR;NEVŞEHİR;
1274;50;DERİNKUYU;NEVŞEHİR;
1155;50;AVANOS;NEVŞEHİR;
1904;51;ÇİFTLİK;NİĞDE;
1876;51;ALTUNHİSAR;NİĞDE;
1700;51;ULUKIŞLA;NİĞDE;
1544;51;MERKEZ;NİĞDE;
1225;51;ÇAMARDI;NİĞDE;
1201;51;BOR;NİĞDE;
2103;52;ALTINORDU;ORDU;
1951;52;KABATAŞ;ORDU;
1950;52;KABADÜZ;ORDU;
1947;52;İKİZCE;ORDU;
1900;52;ÇAYBAŞI;ORDU;
1897;52;ÇATALPINAR;ORDU;
1891;52;ÇAMAŞ;ORDU;
1797;52;GÜRGENTEPE;ORDU;
1795;52;GÜLYALI;ORDU;
1706;52;ÜNYE;ORDU;
1696;52;ULUBEY;ORDU;
1573;52;PERŞEMBE;ORDU;
1552;52;MERKEZ;ORDU;
1525;52;MESUDİYE;ORDU;
1493;52;KUMRU;ORDU;
1482;52;KORGAN;ORDU;
1358;52;GÖLKÖY;ORDU;
1328;52;FATSA;ORDU;
1158;52;AYBASTI;ORDU;
1119;52;AKKUŞ;ORDU;
1949;53;İYİDERE;RİZE;
1943;53;HEMŞİN;RİZE;
1908;53;DEREPAZARI;RİZE;
1796;53;GÜNEYSU;RİZE;
1586;53;MERKEZ;RİZE;
1569;53;PAZAR;RİZE;
1428;53;KALKANDERE;RİZE;
1405;53;İKİZDERE;RİZE;
1332;53;FINDIKLI;RİZE;
1241;53;ÇAYELİ;RİZE;
1228;53;ÇAMLIHEMŞİN;RİZE;
1146;53;ARDEŞEN;RİZE;
2071;54;SERDİVAN;SAKARYA;
2070;54;ERENLER;SAKARYA;
2069;54;ARİFİYE;SAKARYA;
2068;54;ADAPAZARI;SAKARYA;
1986;54;SÖĞÜTLÜ;SAKARYA;
1955;54;KARAPÜRÇEK;SAKARYA;
1925;54;FERİZLİ;SAKARYA;
1847;54;TARAKLI;SAKARYA;
1833;54;PAMUKOVA;SAKARYA;
1818;54;KOCAALİ;SAKARYA;
1595;54;SAPANCA;SAKARYA;
1589;54;MERKEZ;SAKARYA;
1453;54;KAYNARCA;SAKARYA;
1442;54;KARASU;SAKARYA;
1391;54;HENDEK;SAKARYA;
1351;54;GEYVE;SAKARYA;
1123;54;AKYAZI;SAKARYA;
2074;55;İLKADIM;SAMSUN;
2073;55;CANİK;SAMSUN;
2072;55;ATAKUM;SAMSUN;
1993;55;YAKAKENT;SAMSUN;
1879;55;AYVACIK;SAMSUN;
1849;55;TEKKEKÖY;SAMSUN;
1838;55;SALIPAZARI;SAMSUN;
1830;55;19 MAYIS;SAMSUN;
1763;55;ASARCIK;SAMSUN;
1712;55;VEZİRKÖPRÜ;SAMSUN;
1676;55;TERME;SAMSUN;
1593;55;MERKEZ;SAMSUN;
1501;55;LADİK;SAMSUN;
1452;55;KAVAK;SAMSUN;
1386;55;HAVZA;SAMSUN;
1234;55;ÇARŞAMBA;SAMSUN;
1164;55;BAFRA;SAMSUN;
1125;55;ALAÇAM;SAMSUN;
1878;56;TİLLO;SİİRT;
1662;56;ŞİRVAN;SİİRT;
1620;56;MERKEZ;SİİRT;
1575;56;PERVARİ;SİİRT;
1495;56;KURTALAN;SİİRT;
1317;56;ERUH;SİİRT;
1179;56;BAYKAN;SİİRT;
1981;57;SARAYDÜZÜ;SİNOP;
1910;57;DİKMEN;SİNOP;
1693;57;TÜRKELİ;SİNOP;
1627;57;MERKEZ;SİNOP;
1349;57;GERZE;SİNOP;
1314;57;ERFELEK;SİNOP;
1290;57;DURAĞAN;SİNOP;
1204;57;BOYABAT;SİNOP;
1156;57;AYANCIK;SİNOP;
1991;58;ULAŞ;SİVAS;
1927;58;GÖLOVA;SİVAS;
1913;58;DOĞANŞAR;SİVAS;
1875;58;ALTINYAYLA;SİVAS;
1870;58;AKINCILAR;SİVAS;
1738;58;ZARA;SİVAS;
1731;58;YILDIZELİ;SİVAS;
1650;58;ŞARKIŞLA;SİVAS;
1646;58;SUŞEHRİ;SİVAS;
1628;58;MERKEZ;SİVAS;
1484;58;KOYULHİSAR;SİVAS;
1431;58;KANGAL;SİVAS;
1407;58;İMRANLI;SİVAS;
1376;58;HAFİK;SİVAS;
1373;58;GÜRÜN;SİVAS;
1342;58;GEMEREK;SİVAS;
1282;58;DİVRİĞİ;SİVAS;
2096;59;SÜLEYMANPAŞA;TEKİRDAĞ;
2095;59;KAPAKLI;TEKİRDAĞ;
2094;59;ERGENE;TEKİRDAĞ;
1825;59;MARMARAEREĞLİSİ;TEKİRDAĞ;
1673;59;MERKEZ;TEKİRDAĞ;
1652;59;ŞARKÖY;TEKİRDAĞ;
1596;59;SARAY;TEKİRDAĞ;
1538;59;MURATLI;TEKİRDAĞ;
1511;59;MALKARA;TEKİRDAĞ;
1388;59;HAYRABOLU;TEKİRDAĞ;
1258;59;ÇORLU;TEKİRDAĞ;
1250;59;ÇERKEZKÖY;TEKİRDAĞ;
1987;60;SULUSARAY;TOKAT;
1883;60;BAŞÇİFTLİK;TOKAT;
1858;60;YEŞİLYURT;TOKAT;
1834;60;PAZAR;TOKAT;
1740;60;ZİLE;TOKAT;
1690;60;TURHAL;TOKAT;
1679;60;MERKEZ;TOKAT;
1584;60;REŞADİYE;TOKAT;
1545;60;NİKSAR;TOKAT;
1308;60;ERBAA;TOKAT;
1151;60;ARTOVA;TOKAT;
1129;60;ALMUS;TOKAT;
2097;61;ORTAHİSAR;TRABZON;
1966;61;KÖPRÜBAŞI;TRABZON;
1942;61;HAYRAT;TRABZON;
1917;61;DÜZKÖY;TRABZON;
1909;61;DERNEKPAZARI;TRABZON;
1896;61;ÇARŞIBAŞI;TRABZON;
1842;61;ŞALPAZARI;TRABZON;
1775;61;BEŞİKDÜZÜ;TRABZON;
1732;61;YOMRA;TRABZON;
1709;61;VAKFIKEBİR;TRABZON;
1686;61;MERKEZ;TRABZON;
1681;61;TONYA;TRABZON;
1647;61;SÜRMENE;TRABZON;
1548;61;OF;TRABZON;
1507;61;MAÇKA;TRABZON;
1244;61;ÇAYKARA;TRABZON;
1150;61;ARSİN;TRABZON;
1141;61;ARAKLI;TRABZON;
1113;61;AKÇAABAT;TRABZON;
1688;62;MERKEZ;TUNCELİ;
1581;62;PÜLÜMÜR;TUNCELİ;
1574;62;PERTEK;TUNCELİ;
1562;62;OVACIK;TUNCELİ;
1541;62;NAZIMİYE;TUNCELİ;
1518;62;MAZGİRT;TUNCELİ;
1397;62;HOZAT;TUNCELİ;
1247;62;ÇEMİŞGEZEK;TUNCELİ;
2093;63;KARAKÖPRÜ;ŞANLIURFA;
2092;63;HALİLİYE;ŞANLIURFA;
2091;63;EYYÜBİYE;ŞANLIURFA;
1800;63;HARRAN;ŞANLIURFA;
1713;63;VİRANŞEHİR;ŞANLIURFA;
1702;63;MERKEZ;ŞANLIURFA;
1643;63;SURUÇ;ŞANLIURFA;
1630;63;SİVEREK;ŞANLIURFA;
1393;63;HİLVAN;ŞANLIURFA;
1378;63;HALFETİ;ŞANLIURFA;
1220;63;CEYLANPINAR;ŞANLIURFA;
1209;63;BOZOVA;ŞANLIURFA;
1194;63;BİRECİK;ŞANLIURFA;
1115;63;AKÇAKALE;ŞANLIURFA;
1704;64;MERKEZ;UŞAK;
1697;64;ULUBEY;UŞAK;
1629;64;SİVASLI;UŞAK;
1436;64;KARAHALLI;UŞAK;
1323;64;EŞME;UŞAK;
1170;64;BANAZ;UŞAK;
2099;65;TUŞBA;VAN;
2098;65;İPEKYOLU;VAN;
1980;65;SARAY;VAN;
1918;65;EDREMİT;VAN;
1786;65;ÇALDIRAN;VAN;
1770;65;BAHÇESARAY;VAN;
1710;65;MERKEZ;VAN;
1565;65;ÖZALP;VAN;
1533;65;MURADİYE;VAN;
1372;65;GÜRPINAR;VAN;
1350;65;GEVAŞ;VAN;
1309;65;ERCİŞ;VAN;
1236;65;ÇATAK;VAN;
1175;65;BAŞKALE;VAN;
1998;66;YENİFAKILI;YOZGAT;
1982;66;SARAYKENT;YOZGAT;
1952;66;KADIŞEHRİ;YOZGAT;
1895;66;ÇANDIR;YOZGAT;
1877;66;AYDINCIK;YOZGAT;
1733;66;MERKEZ;YOZGAT;
1726;66;YERKÖY;YOZGAT;
1655;66;ŞEFAATLİ;YOZGAT;
1635;66;SORGUN;YOZGAT;
1602;66;SARIKAYA;YOZGAT;
1245;66;ÇEKEREK;YOZGAT;
1242;66;ÇAYIRALAN;YOZGAT;
1198;66;BOĞAZLIYAN;YOZGAT;
1117;66;AKDAĞMADENİ;YOZGAT;
2101;67;KOZLU;ZONGULDAK;
2100;67;KİLİMLİ;ZONGULDAK;
1926;67;GÖKÇEBEY;ZONGULDAK;
1758;67;ALAPLI;ZONGULDAK;
1741;67;MERKEZ;ZONGULDAK;
1313;67;EREĞLİ;ZONGULDAK;
1276;67;DEVREK;ZONGULDAK;
1240;67;ÇAYCUMA;ZONGULDAK;
2106;68;SULTANHANI;AKSARAY;
1932;68;GÜLAĞAÇ;AKSARAY;
1921;68;ESKİL;AKSARAY;
1866;68;SARIYAHŞİ;AKSARAY;
1861;68;GÜZELYURT;AKSARAY;
1860;68;AĞAÇÖREN;AKSARAY;
1557;68;ORTAKÖY;AKSARAY;
1120;68;MERKEZ;AKSARAY;
1788;69;DEMİRÖZÜ;BAYBURT;
1767;69;AYDINTEPE;BAYBURT;
1176;69;MERKEZ;BAYBURT;
1983;70;SARIVELİLER;KARAMAN;
1884;70;BAŞYAYLA;KARAMAN;
1862;70;KAZIMKARABEKİR;KARAMAN;
1768;70;AYRANCI;KARAMAN;
1439;70;MERKEZ;KARAMAN;
1316;70;ERMENEK;KARAMAN;
1992;71;YAHŞİHAN;KIRIKKALE;
1954;71;KARAKEÇİLİ;KIRIKKALE;
1901;71;ÇELEBİ;KIRIKKALE;
1882;71;BALIŞEYH;KIRIKKALE;
1880;71;BAHŞİLİ;KIRIKKALE;
1638;71;SULAKYURT;KIRIKKALE;
1469;71;MERKEZ;KIRIKKALE;
1463;71;KESKİN;KIRIKKALE;
1268;71;DELİCE;KIRIKKALE;
1941;72;HASANKEYF;BATMAN;
1607;72;SASON;BATMAN;
1487;72;KOZLUK;BATMAN;
1345;72;GERCÜŞ;BATMAN;
1184;72;BEŞİRİ;BATMAN;
1174;72;MERKEZ;BATMAN;
1931;73;GÜÇLÜKONAK;ŞIRNAK;
1698;73;ULUDERE;ŞIRNAK;
1661;73;MERKEZ;ŞIRNAK;
1623;73;SİLOPİ;ŞIRNAK;
1403;73;İDİL;ŞIRNAK;
1223;73;CİZRE;ŞIRNAK;
1189;73;BEYTÜŞŞEBAP;ŞIRNAK;
1761;74;AMASRA;BARTIN;
1701;74;ULUS;BARTIN;
1496;74;KURUCAŞİLE;BARTIN;
1172;74;MERKEZ;BARTIN;
2008;75;DAMAL;ARDAHAN;
1579;75;POSOF;ARDAHAN;
1380;75;HANAK;ARDAHAN;
1356;75;GÖLE;ARDAHAN;
1252;75;ÇILDIR;ARDAHAN;
1144;75;MERKEZ;ARDAHAN;
2011;76;KARAKOYUNLU;IĞDIR;
1692;76;TUZLUCA;IĞDIR;
1398;76;MERKEZ;IĞDIR;
1142;76;ARALIK;IĞDIR;
2026;77;TERMAL;YALOVA;
2022;77;ÇİFTLİKKÖY;YALOVA;
2021;77;ÇINARCIK;YALOVA;
2020;77;ARMUTLU;YALOVA;
2019;77;ALTINOVA;YALOVA;
1716;77;MERKEZ;YALOVA;
1856;78;YENİCE;KARABÜK;
1587;78;SAFRANBOLU;KARABÜK;
1561;78;OVACIK;KARABÜK;
1433;78;MERKEZ;KARABÜK;
1321;78;ESKİPAZAR;KARABÜK;
1296;78;EFLANİ;KARABÜK;
2025;79;POLATELİ;KİLİS;
2024;79;MUSABEYLİ;KİLİS;
2023;79;ELBEYLİ;KİLİS;
1476;79;MERKEZ;KİLİS;
2029;80;TOPRAKKALE;OSMANİYE;
2028;80;SUMBAS;OSMANİYE;
2027;80;HASANBEYLİ;OSMANİYE;
1743;80;DÜZİÇİ;OSMANİYE;
1560;80;MERKEZ;OSMANİYE;
1423;80;KADİRLİ;OSMANİYE;
1165;80;BAHÇE;OSMANİYE;
2031;81;KAYNAŞLI;DÜZCE;
2017;81;GÜMÜŞOVA;DÜZCE;
1905;81;ÇİLİMLİ;DÜZCE;
1794;81;GÖLYAKA;DÜZCE;
1784;81;CUMAYERİ;DÜZCE;
1730;81;YIĞILCA;DÜZCE;
1292;81;MERKEZ;DÜZCE;
1116;81;AKÇAKOCA;DÜZCE;